domain,job_url,confidence,method
https://race.energy,https://race.energy/aboutus#careers,0.7,direct:url-hint
https://www.cleanelectric.in,https://www.cleanelectric.in/careers,0.8,direct:url-hint
https://www.stellapps.com,https://www.stellapps.com/career,0.7,direct:url-hint
https://batxenergies.com,https://batxenergies.com/about/careers,0.9,direct:url-hint
https://www.letsbeco.com,https://www.letsbeco.com/pages/work-with-us,0.9,depth-1:url-hint
https://www.log9materials.com,https://www.log9materials.com/about/careers,0.7,direct:url-hint
https://livingthings.ai,,0.0,not-found
https://www.charzer.com,,0.0,not-found
https://craste.co,https://craste.co/about/careers,0.8,direct:url-hint
https://lithionpower.com,,0.0,not-found
https://polycycl.com,,0.0,not-found
https://krishitantra.com,,0.0,not-found
https://www.cropway.com,,0.0,not-found
https://vezlay.com,,0.0,not-found
https://electraev.com,https://electraev.com/about/careers,0.8,direct:url-hint
https://www.agricapita.com,,0.0,not-found
https://www.misterveg.com,,0.0,not-found
https://www.veggiechamp.in,,0.0,not-found
https://www.tgpbio.com,,0.0,not-found
http://www.adf-foods.com,http://www.adf-foods.com/about/careers,0.8,direct:url-hint
https://liquidtrees.org,,0.0,not-found
https://4pmbar.com,,0.0,not-found
https://www.evagemotors.com,,0.0,not-found
https://oizom.com,https://oizom.com/about/careers,0.8,direct:url-hint
https://www.kazam.in,https://kazam.energy/careers#jobs,0.7,direct:url-hint
https://whitecub.in,,0.0,not-found
https://www.canvaloop.com,https://www.canvaloop.com/jobs,0.7,direct:url-hint
https://mealtech.in,,0.0,not-found
https://www.everacabs.com,,0.0,not-found
https://www.serenticaglobal.com,,0.0,not-found
https://kineticgreen.com,,0.0,not-found
https://www.aerem.co,https://www.aerem.co/careers,0.7,direct:url-hint
https://cellpropulsion.com,,0.0,not-found
https://www.cropin.com,https://www.cropin.com/career,0.8,direct:url-hint
https://www.skymetweather.com,,0,not-found
https://www.ai-genix.net,,0.0,not-found
https://www.kabiramobility.com,,0.0,not-found
https://proeon.co,https://proeon.co/about/careers,0.75,direct:url-hint
https://electrifimobility.com,,0.0,not-found
https://takachar.com,https://takachar.com/career,0.8,direct:url-hint
https://slicc.in,,0.0,not-found
https://www.climatexcapital.com,,0.0,not-found
https://www.xmachines.ai,https://www.xmachines.ai/careers,0.75,direct:url-hint
https://loopworm.in,,0.0,not-found
https://animall.in,,0,not-found
https://www.solarsquare.in,https://recruitcareers.zappyhire.com/en/solarsquare,0.7,direct:url-hint
https://basepfoods.com,,0.0,not-found
http://airoktech.com,,0.0,not-found
https://www.statiq.in,,0,not-found
http://www.detecttechnologies.com,https://detecttechnologies.com/current-openings/,0.8,direct:url-hint
https://www.mooving.com,,0.0,not-found
https://www.ecozensolutions.com,https://www.ecozensolutions.com/careers,0.8,direct:url-hint
https://www.greenjoules.in,,0.0,not-found
https://myplan8.earth,https://myplan8.earth/careers,0.8,direct:url-hint
http://www.ageyetech.com,https://ageye.zohorecruit.com/jobs/Careers,0.7,direct:url-hint
https://neatmeatt.in,,0.0,not-found
https://www.clairco.in,https://www.clairco.in/careers,0.75,direct:url-hint
https://www.funnynani.com,https://www.funnynani.com/about/careers,0.7,direct:url-hint
https://www.zasti.ai,https://www.zasti.ai/career,0.7,direct:url-hint
http://kamalkisan.com,,0.0,not-found
https://eatprot.com,,0.0,not-found
https://www.myoworks.in,,0.0,not-found
https://www.ishitva.in,https://www.ishitva.in/about/careers,0.8,direct:url-hint
https://apeiroenergy.com,,0.0,not-found
https://piatrika.com,https://piatrika.com/about/careers,0.8,direct:url-hint
https://sentra.world,https://sentra.world/careers,0.8,direct:url-hint
https://oatey.in,,0.0,not-found
http://rtbi.in,,0.0,not-found
https://www.varaha.earth,https://www.varaha.earth/careers#joinus,0.7,direct:url-hint
https://www.solarladder.com,https://www.solarladder.com/about/careers,0.7,direct:url-hint
https://www.supplantfoods.com,,0.0,not-found
https://www.hycosys.in,,0.0,not-found
https://www.galaxeye.space,https://galaxeye.zohorecruit.in/careers,0.7,depth-1:url-hint
https://www.jivoule.com,,0.0,not-found
http://demolishfoods.com,,0.0,not-found
https://www.superplum.com,https://superplum.keka.com/careers,0.9,depth-0:links-to-ats
https://laurus.bio,,0.0,not-found
https://www.bluetribefoods.com,,0.0,not-found
https://www.strive.store,,0.0,not-found
https://www.yulu.bike,,0.0,not-found
https://www.farmart.co,,0.0,not-found
https://www.plantelo.in,,0.0,not-found
https://www.tekuncorked.com,https://www.tekuncorked.com/about/careers,0.7,direct:url-hint
https://greencellmobility.com,,0.0,direct:url-hint
https://nutrifresh.co.in,,0.0,not-found
https://www.bambrew.in,https://www.bambrew.in/jobs,0.7,direct:url-hint
https://www.stringbio.com,https://www.stringbio.com/life-at-string.html#careers,0.7,depth-1:url-hint
https://www.climes.io,,0.0,not-found
https://www.imaginemeats.com,,0.0,not-found
https://www.hrimtronenergy.com,,0.0,not-found
https://www.nutriquofoods.com,,0.0,not-found
https://www.piperleaf.in,,0.0,not-found
https://esmito.co.in,,0.0,not-found
https://www.kheyti.com,,0.0,not-found
https://www.turno.club,https://www.turno.club/career,0.9,direct:url-hint
https://www.hygenco.in,,0,direct:url-hint
https://www.qzense.com,,0.0,not-found
https://bijak.in,https://bijak.keka.com/careers,0.7,direct:url-hint
https://www.olaelectric.com,https://olacareers.turbohire.co/dashboardv2?orgId=e0c1eb37-eb7a-4ca4-bcc5-d59ce4ce9212&type=0,0.8,direct:url-hint
https://www.altm.bio,,0.0,not-found
https://www.infictionlabs.com,,0.0,not-found
https://www.oatsup.in,,0.0,not-found
https://chuk.in,,0.0,not-found
https://themightyfood.com,,0.0,not-found
https://www.pixxel.space,https://pixxel.darwinbox.in/ms/candidate/careers,0.9,direct:url-hint
https://ayekart.com,https://ayekart.com/careers,0.8,direct:url-hint
http://veganta.in,,0.0,not-found
https://fermbox.bio,https://joinus.fermbox.bio/,0.8,direct:url-hint
https://www.harvestedlabs.com,,0.0,not-found
https://www.sys3e.com,,0.0,not-found
https://recommercex.com,https://recommercex.com/about/careers,0.8,direct:url-hint
https://viomamotors.com,,0.0,not-found
https://axiafood.com,,0.0,not-found
https://www.terrabioware.co,,0.0,not-found
https://www.binbag.in,https://www.binbag.in/careers,0.7,direct:url-hint
https://www.plantveda.com,,0.0,not-found
https://agnext.com,https://agnext.com/about/careers,0.7,direct:url-hint
https://obenelectric.com,https://www.linkedin.com/company/oben-ev/jobs/,0.7,direct:url-hint
https://freespirits.in,,0.0,not-found
https://www.faunatechsolutions.com,https://www.faunatechsolutions.com/company/careers,0.7,direct:url-hint
https://www.entuplemobility.com,,0.0,not-found
https://www.sea6energy.com,,0.0,not-found
https://www.progofoods.com,,0.0,not-found
https://www.xyma.in,https://www.xyma.in/about/careers,0.7,direct:url-hint
https://evofoods.in,,0.0,not-found
https://moeving.com,https://moeving.com/join,0.8,direct:content-hints
https://www.sunfuelelectric.com,https://www.sunfuelelectric.com/career,0.7,direct:url-hint
https://www.oatmlk.in,,0.0,not-found
http://www.katharosfoods.com,,0.0,not-found
https://sprouteins.com,,0.0,not-found
https://oorja.energy,https://oorja.energy/about/careers,0.8,direct:url-hint
https://poshn.co,,0.0,depth-1:url-hint
https://www.simpleenergy.in,,0.0,not-found
https://www.pureev.in,https://www.pureev.in/careers,0.7,direct:url-hint
https://sheru.se,,0.0,not-found
https://eatwithbetter.com,,0.0,not-found
https://www.tataconsumer.com,https://careers.tataconsumer.com/content/People/,0.8,depth-1:url-hint
https://aqin.in,,0.0,not-found
https://greenestfoods.com,,0.0,not-found
https://www.bvegfoods.com,,0.0,not-found
https://www.femtofarad.com,,0.0,not-found
https://www.batterysmart.in,https://www.batterysmart.in/careers,0.8,direct:url-hint
https://strawcture.com,https://strawcture.com/about/careers,0.8,direct:url-hint
https://agromaticfoods.com,,0.0,not-found
https://www.carboncraftdesign.com,https://www.carboncraftdesign.com/careers-at-carboncraft,0.7,direct:url-hint
https://cerclex.com,https://cerclex.com/careers,0.7,direct:url-hint
https://navitassolar.in,https://navitassolar.in/work-with-us,0.8,direct:url-hint
https://www.dharaksha.com,,0.0,direct:url-hint
https://www.banyannation.com,https://www.banyannation.com/careers,0.8,direct:url-hint
https://altfoods.in,,0.0,not-found
https://chakr.in,,0.0,not-found
https://www.bgauss.com,,0.0,not-found
https://carragreen.com,,0.0,not-found
https://www.hacklab.solutions,,0.0,not-found
https://alt.company,,0.0,not-found
https://www.skyware.in,,0.0,not-found
https://www.devic-earth.com,https://www.devic-earth.com/about/careers,0.7,direct:url-hint
https://www.sainworld.com,,0.0,not-found
https://www.biokraftfoods.com,,0.0,not-found
https://www.intellolabs.com,https://www.intellolabs.com/careers,0.8,direct:url-hint
https://www.grinntech.com,https://www.linkedin.com/company/grinntech/jobs/,0.8,direct:url-hint
https://www.mfpindia.in,https://www.mfpindia.in/career,0.7,direct:url-hint
https://fasal.co,,0.0,not-found
https://www.edgegrid.com,https://linkedin.com/company/edgegrid,0.8,depth-1:many-jobish-links
https://www.kisankonnect.in,,0.0,direct:url-hint
https://www.arya.ag,https://www.arya.ag/about/career,0.7,direct:url-hint
https://www.urbankisaan.com,,0.0,direct:url-hint
https://devigerebiosolutions.in,,0.0,not-found
https://www.thevegh.com,https://www.thevegh.com/career,0.8,direct:url-hint
https://www.a2penergy.com,https://www.a2penergy.com/about/careers,0.8,direct:url-hint
https://flowtrik.com,,0.0,not-found
https://www.eyerov.com,https://eyerov.freshteam.com/jobs,0.8,direct:url-hint
https://www.rideriver.com,https://www.rideriver.com/careers,0.8,direct:url-hint
https://1ness.in,,0.0,not-found
https://creatara.com,,0.0,not-found
https://freyrenergy.com,https://freyrenergy.com/career,0.9,direct:url-hint
https://www.godienergy.com,,0.0,not-found
https://zerocowfactory.com,,0.0,not-found
https://unrealmilk.com,,0.0,not-found
https://www.retufoods.com,,0.0,not-found
http://www.billionmobility.com,,0.0,not-found
https://www.ultraviolette.com,,0.0,not-found
http://www.minionlabs.tech,,0.0,not-found
https://wakaofoods.com,https://wakaofoods.com/pages/career,0.7,depth-1:url-hint
https://www.cygni.com,,0.0,depth-0:many-jobish-links
https://navaltboats.com,https://navaltboats.com/about/careers,0.8,direct:url-hint
https://www.polycycl.com,,0.0,not-found
https://nomou.in,,0.0,not-found
https://agrim.app,https://agrim.zohorecruit.in/jobs/Careers,0.7,depth-1:url-hint
https://www.naturedots.com,https://www.naturedots.com/careers,0.7,direct:url-hint
https://fibmold.com,https://fibmold.com/#joinus,0.7,depth-1:url-hint
http://www.bioprimeagri.com,http://www.bioprimeagri.com/careers,0.8,direct:url-hint
http://carbonmasters.co.uk,http://carbonmasters.co.uk/vacancies,0.7,direct:url-hint
https://www.shakaharry.com,,0.0,not-found
https://recykal.com,https://recykal.com/careers,0.8,direct:url-hint
https://dancingcow.in,,0.0,not-found
https://www.angirusind.com,https://dashing-crane-ac2.notion.site/Careers-Angirus-f2614b4e722d49b18323296eae064e59,0.8,depth-1:url-hint
https://sudofoods.com,,0.0,not-found
https://impostermeat.com,,0.0,not-found
https://pfcfoods.in,https://pfcfoods.in/pages/career,0.7,depth-1:url-hint
https://www.billioncarbon.com,,0.0,not-found
https://www.getambee.com,https://www.getambee.com/careers#openings,0.8,direct:url-hint
http://www.freshnsafe.in,,0.0,not-found
https://praan.io,https://praan.io/jobs,0.8,direct:url-hint
https://lcmloopchargingmod.wixsite.com,,0.0,not-found
https://niqorobotics.com,https://niqorobotics.com/careers/#job-openings,0.8,direct:url-hint
http://www.ohveg.in,,0.0,not-found
https://www.baaz.bike,,0.0,not-found
https://smartjoules.co.in,https://smartjoules.co.in/careers/#jobs,0.7,direct:url-hint
https://altmat.in,,0.0,not-found
https://www.zerocircle.in,,0.0,not-found
https://blueplanet.asia,,0.0,direct:url-hint
https://blu-smart.com,https://blu-smart.com/about/careers,0.7,direct:url-hint
https://www.evolvedfoods.in,,0.0,not-found
https://freshwoof.com,,0.0,not-found
https://www.satsure.co,,0.0,not-found
https://echargeup.com,https://echargeup.com/career,0.7,direct:url-hint
https://www.emotorad.com,,0.0,direct:url-hint
https://www.scimplify.com,https://www.scimplify.com/careers,0.8,direct:url-hint
https://aquaconnect.blue,https://aquaconnect.blue/careers.html#open-positions,0.8,depth-1:url-hint
https://www.loomsolar.com,https://careers.loomsolar.com/jobs/Careers,0.8,depth-1:url-hint
https://www.lohum.com,https://www.lohum.com/career,0.8,direct:url-hint
https://www.nutriquofoods.com,,0.0,not-found
https://agrizy.in,,0.0,direct:url-hint
https://goodmylk.in,,0.0,not-found
https://www.ossusbio.com,https://www.ossusbio.com/careers,0.7,direct:url-hint
https://indienergy.in,https://indienergy.in/about/careers,0.8,direct:url-hint
https://agrevolution.in,https://agrevolution.in/careers,0.7,direct:url-hint
https://www.emoenergy.in,,0.0,not-found
https://www.vayujal.com,https://www.vayujal.com/about/careers,0.8,direct:url-hint
https://bombaycheesecompany.com,,0.0,not-found
https://www.plantmade.in,,0.0,not-found
https://www.fynmobility.com,https://www.fynmobility.com/job,0.8,direct:url-hint
https://www.matter.in,,0.0,not-found
https://electricpe.com,https://electricpe.com/about/careers,0.8,direct:url-hint
https://climeto.com,,0.0,not-found
https://getoffgrid.energy,,0.0,not-found
https://zypp.app,,0,direct:url-hint
https://maximl.com,https://maximl.zohorecruit.in/jobs/Careers,0.8,direct:url-hint
https://www.promeat.in,https://www.promeat.in/about/careers,0.7,direct:url-hint
https://gooddot.in,,0.0,not-found
https://www.freshbus.com,,0.0,not-found
https://eeki.com,https://eeki.com/about/careers,0.7,direct:url-hint
https://fyllo.in,https://fyllo.in/careers/jobs,0.7,direct:url-hint
https://tan90thermal.com,,0.0,not-found
https://www.soilsens.com,,0.0,not-found
https://ecoprotein.godaddysites.com,,0.0,not-found
https://bolt.earth,https://bolt.earth/careers,0.7,direct:url-hint
https://www.goegonetwork.com,,0.0,not-found
https://myonlyearth.com,,0.0,not-found
https://www.magentamobility.com,https://www.magentamobility.com/careers,0.7,direct:url-hint
https://www.rethinkbio.in,,0.0,not-found
https://grabenord.com,,0.0,not-found
https://bounceinfinity.com,,0.0,not-found
https://lifehealthfoods.co.in,,0.0,not-found
https://aereo.io,https://aereo.io/about/careers,0.8,direct:url-hint
https://thelivinggreens.com,,0.0,not-found
https://igrenenergi.com,,0.0,not-found
https://www.thegreenmeat.com,,0,direct:url-hint
https://www.fabheads.in,https://www.fabheads.in/career,0.8,direct:url-hint
https://www.newtrace.io,https://newtrace.sensehq.com/careers,0.8,direct:url-hint
https://www.neuronenergy.in,https://www.neuronenergy.in/career,0.7,direct:url-hint
https://www.prozealgreen.com,https://www.prozealgreen.com/careers#open_positions,0.8,direct:url-hint
https://www.chargezone.co.in,https://www.chargezone.co.in/career,0.8,direct:url-hint
https://everestfleet.com,https://everestfleet.com/career,0.8,direct:url-hint
https://www.metastable.in,https://www.metastable.in/about/careers,0.7,direct:url-hint
https://softspotfoods.com,,0.0,not-found
https://oorja.energy,https://oorja.energy/about/careers,0.8,direct:url-hint
https://klevermeat.com,,0.0,not-found
https://www.dumpinbin.com,https://www.dumpinbin.com/careers,0.7,direct:url-hint
https://www.atherenergy.com,,0.0,not-found
https://www.phyx44.com,,0.0,not-found
https://www.alt-mobility.com,,0.0,not-found
https://uncompromised.in,https://uncompromised.in/careers,0.7,direct:url-hint
https://impacto.eco,,0.0,not-found
https://www.mainirenewables.com,https://www.mainirenewables.com/about/careers,0.7,direct:url-hint
https://biome.build,https://biome.build/about/careers,0.7,direct:url-hint
https://mypickup.in,https://mypickup.in/about/careers,0.7,direct:url-hint
http://www.sirohi.org,,0.0,not-found
https://www.vsrienergy.com,https://www.vsrienergy.com/career,0.7,direct:url-hint
https://www.patersonenergy.com,,0.0,not-found
https://www.climatexcapital.com,,0.0,not-found
https://www.nbcframework.io,,0.0,not-found
https://atomberg.com,https://atomberg.com/careers,0.7,direct:url-hint
https://helloboon.com,,0.0,not-found
https://zeroearth.company,,0.0,not-found
https://ecklien4ras.com,,0.0,not-found
https://www.susstains.com,,0.0,not-found
https://www.bhaskaraengg.com,,0.0,not-found
https://wankel.in,https://wankel.in/about/careers,0.7,direct:url-hint
https://visarj.in,,0.0,not-found
https://www.esamarp.com,,0.0,not-found
https://www.shaktiphotonsolutions.com,,0.0,not-found
https://www.evayve.com,https://www.evayve.com/career,0.8,direct:url-hint
https://www.igowise.com,,0.0,not-found
https://biosky.tech,,0.0,not-found
https://www.aatral-esp.com,,0.0,not-found
https://evatetech.com,,0.0,not-found
https://austhraa.com,https://austhraa.com/career,0.8,direct:url-hint
https://www.280carbon.com,,0.0,direct:url-hint
http://smdp.in,,0.0,not-found
https://www.sirinor.com,,0.0,not-found
https://tamirabot.com,,0.0,not-found
https://www.ambiator.com,,0.0,not-found
https://hbaromega.com,,0.0,not-found
https://www.quilltechno.com,,0.0,not-found
https://www.hivericks.com,,0.0,not-found
https://hypersonics.in,,0.0,not-found
https://www.northstarimpactsolution.com,,0.0,not-found
https://www.energyeta.ai,,0.0,not-found
https://www.rangbio.com,,0.0,not-found
https://scrapifyecotech.in,https://scrapifyecotech.in/#career,0.7,depth-1:url-hint
https://wararenergy.com,,0.0,not-found
http://www.blackrhinoz.com,,0.0,not-found
https://www.diffuson.in,,0.0,not-found
https://kids.metroride.com,,0.0,not-found
https://carboncompete.com,,0.0,not-found
https://www.vapac.in,,0.0,not-found
https://www.mati.earth,https://www.mati.earth/about/careers,0.7,direct:url-hint
https://www.bacuticorp.com,,0.0,not-found
https://www.vcravefoods.com,https://www.vcravefoods.com/about/careers,0.7,direct:url-hint
https://eunoiainnovations.in,https://eunoiainnovations.in/careers/,0.7,direct:url-hint
https://greenjams.org,,0.0,not-found
https://www.earthworks.bio,,0.0,not-found
https://www.plentifarms.com,https://www.plentifarms.com/#/career,0.7,direct:url-hint
https://www.licircle.com,,0.0,not-found
http://www.agriwyz.com,http://www.agriwyz.com/career,0.7,direct:url-hint
https://kaashyapenvergy.com,,0.0,not-found
https://www.almericus.in,,0.0,not-found
https://www.greengine.co.in,https://www.greengine.co.in/careers/#joining,0.8,direct:url-hint
https://www.mittilabs.earth,,0.0,not-found
https://www.nstscrap.com,,0.0,not-found
https://www.gpsrenewables.com,https://gpsrenewables.com/careers/,0.8,direct:url-hint
https://greenie-energy.com,,0.0,not-found
https://biofizzag.com,,0.0,not-found
https://vyoumbiotech.com,,0.0,not-found
https://fambo.in,,0.0,not-found
https://www.innocule.com,https://www.innocule.com/careers,0.7,direct:url-hint
https://ingressbio.com,,0.0,not-found
https://generalaeronautics.com,https://generalaeronautics.com/career-ga/#find-your-team,0.8,direct:url-hint
https://www.agrokisan.com,,0.0,not-found
https://www.earthanalyticalab.com,,0.0,not-found
https://www.agarambiotech.in,,0.0,not-found
https://www.chloropod.com,,0.0,not-found
https://tracextech.com,,0.0,not-found
https://prithu.earth,,0.0,not-found
https://www.albatross-energetics.in,,0.0,not-found
https://www.nexuspower.in,,0.0,direct:url-hint
https://www.renewcred.com,,0.0,not-found
https://www.cancrie.co,https://www.cancrie.co/about/careers,0.7,direct:url-hint
https://www.destinycropcare.in,,0.0,not-found
https://gatidrives.com,,0.0,not-found
https://www.baudresources.com,,0.0,not-found
https://thooshan.com,,0.0,not-found
https://bacalt.bio,,0.0,not-found
https://bettercar.vercel.app,https://bettercar.vercel.app/about/careers,0.7,direct:url-hint
https://hydrovert.in,,0.0,not-found
https://agroxa.in,,0.0,not-found
https://proleri.com,,0.0,not-found
https://www.vidyuttech.in,https://www.vidyuttech.in/careers,0.7,direct:url-hint
https://neoperk.co,,0.0,not-found
https://www.buymyev.in,,0.0,not-found
https://shivchhayabiotech.com,,0.0,not-found
https://www.cellarim.com,,0.0,not-found
https://oorjasolutions.org,https://oorjasolutions.org/about/careers,0.8,direct:url-hint
https://www.thermistance.com,,0.0,not-found
https://repurpose.global,https://repurpose.global/careers#Jobs,0.75,direct:url-hint
https://ecoterrabiodesign.com,,0.0,not-found
https://waycool.in,,0.0,not-found
https://plantables.store,,0.0,not-found
https://deyhaat.com,,0.0,not-found
https://biomfarms.com,,0.0,not-found
https://www.growindigo.co.in,https://www.growindigo.co.in/about/careers,0.8,direct:url-hint
https://cargofirst.net,,0.0,not-found
https://boomitra.com,https://boomitra.com/careers/#job-openings,0.8,direct:url-hint
https://switchclimatetech.com,https://switchclimatetech.com/about/careers,0.8,direct:url-hint
https://www.refillable.store,,0.0,not-found
https://zewafeeds.com,,0.0,not-found
https://sensegrass.com,https://sensegrass.com/careers,0.7,direct:url-hint
https://nunam.com,https://nunam.com/careers/#open_positions,0.8,direct:url-hint
https://deepfleet.com,https://jobs.deepfleet.com/,0.7,depth-1:url-hint
https://www.pmielectro.com,,0.0,not-found
https://s4stechnologies.com,https://s4stechnologies.com/about/careers,0.7,direct:url-hint
https://reckongreen.com,,0.0,not-found
https://bioorgo.com,,0.0,not-found
https://www.attero.in,https://www.attero.in/career,0.7,direct:url-hint
https://www.corporate.agrostar.in,https://agrostar.darwinbox.in/ms/candidate/careers,0.9,depth-0:links-to-ats
https://cupable.in,,0.0,not-found
https://saahaszerowaste.com,https://saahaszerowaste.com/careers,0.9,direct:url-hint
https://www.greengrahi.com,https://www.greengrahi.com/career,0.75,direct:url-hint
https://oceanlux.in,,0.0,not-found
https://studiomacrocosm.com,https://studiomacrocosm.com,0.75,depth-0:content-hints
https://carbonminus.com,https://carbonminus.com/about/careers,0.8,direct:url-hint
https://qudrat.co.in,,0.0,not-found
https://www.renew.com,https://careers.renew.com/,0.8,direct:url-hint
https://www.conservecap.com,,0.0,not-found
https://openwater.in,https://openwater.in/#career_section,0.7,depth-1:url-hint
https://livnsense.com,,0.0,not-found
https://fuselage.co.in,,0.0,not-found
https://www.brightblu.com,https://www.brightblu.com/career,0.8,direct:url-hint
https://wastelink.co,,0.0,not-found
https://www.metafin.in,,0.0,not-found
https://www.recyclekaro.com,,0.0,not-found
https://www.vimano.biz,https://www.vimano.biz/careers,0.7,direct:url-hint
https://www.coolant.co,,0.0,not-found
https://www.modroof.in,,0.0,not-found
https://www.hightimefoods.com,,0.0,not-found
https://www.gencrest.com,,0.0,not-found
http://www.prozealgreen.com,https://www.prozealgreen.com/careers#open_positions,0.8,direct:url-hint
http://www.sunsure-energy.com,https://sunsure-energy.com/careers_hiring/,0.8,direct:url-hint
http://www.freyrenergy.com,http://www.freyrenergy.com/career,0.9,direct:url-hint
https://www.minusdegre.com,,0.0,not-found
http://www.oorjasolutions.org,http://www.oorjasolutions.org/about/careers,0.8,direct:url-hint
http://www.aerem.co,http://www.aerem.co/careers,0.7,direct:url-hint
https://ekamobility.com,,0.0,not-found
http://www.prespl.com,http://www.prespl.com/about/careers,0.8,direct:url-hint
http://www.ecozensolutions.com,http://www.ecozensolutions.com/career,0.8,direct:url-hint
https://www.satleolabs.com,,0.0,not-found
http://www.varaha.earth,https://www.varaha.earth/careers#joinus,0.7,direct:url-hint
http://www.skymetweather.com,,0.7,direct:url-hint
http://www.smartjoules.co.in,hhttps://smartjoules.co.in/careers/#jobs,0.7,direct:url-hint
http://www.letsrecycle.in,http://www.letsrecycle.in/careers,0.9,direct:url-hint
http://www.zenithenergy.com,http://www.zenithenergy.com/about/careers,0.8,direct:url-hint
http://www.jakson-green.com,https://jakson.darwinbox.in/ms/candidate/careers,0.9,direct:url-hint
http://www.radiancerenewables.com,http://www.radiancerenewables.com/about/careers,0.7,direct:url-hint
http://www.renergydynamics.com,http://www.renergydynamics.com/about/careers,0.7,direct:url-hint
https://www.kawa.space,,0.0,not-found
http://www.mitarsh.com,http://www.mitarsh.com/career,0.7,direct:url-hint
http://www.zigma.in,http://www.zigma.in/careers.html,0.8,depth-1:url-hint
https://www.pehlejaisa.com,,0.0,not-found
http://www.powercon.in,http://www.powercon.in/about/careers,0.8,direct:url-hint
http://www.sistema.bio,http://www.sistema.bio/opportunities,0.7,direct:url-hint
http://www.ujaas.com,http://www.ujaas.com/career,0.8,direct:url-hint
http://www.cleanmax.com,https://cleanmax.keka.com/careers/,0.9,depth-0:links-to-ats
http://www.udyat.com,http://www.udyat.com/career,0.8,direct:url-hint
http://www.waareertl.com,http://www.waareertl.com/career,0.8,direct:url-hint
http://www.o2power.in,https://www.o2power.in/openings,0.7,direct:url-hint
https://www.sthyrenergy.com,,0.0,not-found
https://stridegreen.in,,0.0,not-found
http://www.desireenergy.com,https://recruitment.desireenergy.com/JobOpening/JobOffer,0.7,direct:url-hint
http://www.ampin.energy,http://www.ampin.energy/about/careers,0.8,direct:url-hint
http://www.solariumenergy.in,http://www.solariumenergy.in/career,0.8,direct:url-hint
http://www.apollo-greenenergy.com,,0.0,not-found
http://www.mytrah.com,,0.0,not-found
http://www.ecorenenergy.com,http://www.ecorenenergy.com/about/careers,0.75,direct:url-hint
http://www.serenticaglobal.com,,0.0,not-found
http://www.onixrenewable.com,http://www.onixrenewable.com/career,0.8,direct:url-hint
http://www.webelsolar.com,http://www.webelsolar.com/career,0.8,direct:url-hint
http://www.thesustainabilitypractitioners.com,,0.0,not-found
http://www.premiumcad.com,https://www.premiumcad.com/jobs,0.7,direct:url-hint
http://www.fourthpartner.co,http://www.fourthpartner.co/about/careers,0.8,direct:url-hint
http://www.switchingavo.com,https://www.switchingavo.com/career,0.8,direct:url-hint
http://www.everrenew.com,https://everrenew.zohorecruit.in/jobs/Careers,0.7,depth-1:url-hint
http://www.enrichenergy.com,http://www.enrichenergy.com/career,0.9,direct:url-hint
http://www.exactsunindia.com,,0.0,not-found
https://www.corritelectric.com,,0.0,not-found
http://www.junipergreenenergy.com,http://www.junipergreenenergy.com/about/careers,0.8,direct:url-hint
http://www.swayambhuinfo.com,,0.0,not-found
http://www.sustainandsave.com,https://www.sustainandsave.com/careers,0.7,direct:url-hint
http://www.centurysolar.org,,0.0,not-found
http://www.renom.in,http://www.renom.in/about/careers,0.7,direct:url-hint
http://www.amplussolar.com,http://www.amplussolar.com/career,0.8,direct:url-hint
http://www.mahindrasusten.com,http://www.mahindrasusten.com/career,0.75,direct:url-hint
http://www.pointo.in,http://www.pointo.in/join-us,0.9,direct:url-hint
http://www.ewaarenewable.com,,0.0,not-found
http://www.azurepower.com,https://careers.azurepower.com/search/,0.8,direct:url-hint
http://www.nslpower.com,https://www.nslpower.com/careers.html.html,0.8,depth-1:url-hint
http://www.mahindrateqo.com,http://www.mahindrateqo.com/about/careers,0.8,direct:url-hint
http://www.claroenergy.in,,0.0,not-found
http://www.kpgroup.co,http://www.kpgroup.co/about/careers,0.8,direct:url-hint
http://www.netzeropro.ai,,0.0,not-found
http://www.omcpower.com,https://www.omcpower.com/join-us,0.7,direct:url-hint
http://www.guvnl.com,,0.0,not-found
http://www.stepchange.earth,http://www.stepchange.earth/career,0.8,direct:url-hint
http://www.envaplax.com,,0.0,not-found
http://www.ayanapower.com,,0.0,not-found
http://www.solarladder.com,http://www.solarladder.com/about/careers,0.7,direct:url-hint
http://www.feniceenergy.com,,0.0,not-found
http://www.thekabadiwala.com,http://www.thekabadiwala.com/careers,0.7,direct:url-hint
http://www.uravulabs.com,,0.0,direct:url-hint
http://www.devic-earth.com,http://www.devic-earth.com/about/careers,0.7,direct:url-hint
http://www.wevois.com,http://www.wevois.com/career,0.7,direct:url-hint
http://www.nrgindia.com,https://www.nrgindia.com/jobs,0.7,direct:url-hint
http://www.adhunikev.com,,0.0,not-found
http://www.harsun.co.in,https://harsun.co.in/careers/,0.8,direct:url-hint
http://www.rayzonsolar.com,,0.0,not-found
http://www.pigreeninnovations.com,,0.0,not-found
http://www.thesustainabilitycloud.com,https://careers.logicladder.com/jobs/Careers,0.7,depth-1:url-hint
http://www.emergent-ventures.com,,0.0,not-found
http://www.phool.co,,0.0,not-found
http://www.paramrenewable.com,,0.0,not-found
http://www.uranoenergy.com,,0.0,not-found
http://www.suntranspo.com,,0.0,not-found
http://www.stellargrid.in,,0.0,not-found
http://www.earthfokus.com,,0.0,not-found
http://www.ikyainnovation.com,,0.0,not-found
http://www.qynextsolar.com,,0.0,not-found
http://www.acclaimcleanenergy.com,,0.0,not-found
http://www.sma-india.com,https://sma.jobs/go/Professionals/3798101/,0.8,depth-1:url-hint
http://www.ciach.in,,0.0,not-found
http://www.shlokfusionindustries.com,,0.0,not-found
http://www.greywateraction.org,,0.0,not-found
http://www.bookmysolar.in,http://www.bookmysolar.in/job,0.7,direct:url-hint
http://www.netzeroenergiez.com,,0.8,direct:url-hint
http://www.kpowers.co.in,,0.0,not-found
http://www.hyonenergy.com,https://www.hyonenergy.com/join-us#jobs,0.8,direct:url-hint
http://www.titanisenergy.com,,0.0,not-found
http://www.jarkarenewables.com,http://www.jarkarenewables.com/career,0.7,direct:url-hint
http://www.pial.in,,0.0,not-foundct:url-hint
https://tshellmotors.com,,0.0,direct:url-hint
http://www.genesiscluster.com,,0.0,not-found
https://gigforce.in,https://gigforce.in/about/careers,0.7,direct:url-hint
http://www.vikasrenewable.com,,0.0,not-found
http://www.sushmaenterprises.in,,0.0,not-found
https://www.exponent.energy,https://apply.workable.com/exponent-energy/,0.9,direct:url-hint
https://ashnni.com,,0.7,direct:url-hint
http://www.kalsisolar.com,,0.0,not-found
https://www.tilt.bike,,0.7,direct:url-hint
http://www.mathigroup.com,,0.0,not-found
http://www.inforcesolar.com,,0.0,not-found
http://www.oaksun.in,,0.0,not-found
http://www.exultedindia.com,,0.0,not-found
https://www.c-electricdrives.com,https://www.c-electricdrives.com/#career,0.7,depth-1:url-hint
http://www.ackerlandenergy.com,,0.0,not-found
http://www.sunfuelelectric.com,http://www.sunfuelelectric.com/career,0.7,direct:url-hint
https://batxenergies.com,https://batxenergies.com/about/careers,0.9,direct:url-hint
https://www.alt-mobility.com,,0.0,not-found
https://www.evayve.com,https://www.evayve.com/career,0.8,direct:url-hint
https://www.ashni.tech,,0.0,not-found
https://www.autonxt.in,https://www.autonxt.in/careers#opportunities,0.75,direct:url-hint
https://www.moeving.com,https://www.moeving.com/join,0.8,direct:content-hints
https://evplugs.co.in,,0.0,not-found
http://www.acclaimcleanenergy.com,,0.0,not-found
https://metroride.in,,0.0,not-found
https://planetelectric.in,,0.0,not-found
https://m-mines.com,,0.8,depth-1:url-hint
https://gomylz.com,,0.0,not-found
https://evzee.in,,0.0,not-found
https://bce20.co,,0.0,not-found
https://www.grassrootsenergy.co,,0.0,not-found
http://revoh.in,,0.0,not-found
